day,hour,time,time_h,open,open_h,setup,aosetup,telsetup,offsets,wfs,mode,magnitude
20210520,05:13:31,4120,1.1444444444444444,2792,0.7755555555555556,789,558,231,538,FLAO,FLAOAO,13.7100000381
20210520,06:33:15,1861,0.5169444444444444,1233,0.3425,524,277,247,103,FLAO,FLAOAO,14.0
